{"time_per_epoch":405.28978180885315,"generated_images":{"_type":"images/separated","width":32,"height":32,"format":"png","count":16,"filenames":["media/images/generated_images_17_e2a9ab7bef798a5c3640.png","media/images/generated_images_17_a05d1377599f92db4fa1.png","media/images/generated_images_17_7bb4cfb153ec65ca3b44.png","media/images/generated_images_17_1dd856fefcfc7e51fda9.png","media/images/generated_images_17_84f8288602930c4d1537.png","media/images/generated_images_17_aa8a9f66933863a532d0.png","media/images/generated_images_17_6e36eff2556622d2a52b.png","media/images/generated_images_17_f737a1fe1d6948d4e8ae.png","media/images/generated_images_17_cd64e583ff79f38d9ad1.png","media/images/generated_images_17_ef13e27ba8c10a9916f8.png","media/images/generated_images_17_59b81c9123d5ae9ef601.png","media/images/generated_images_17_61d8051c0a3289a0dd48.png","media/images/generated_images_17_5047144d249ebc126f57.png","media/images/generated_images_17_f2088f19406d964e7761.png","media/images/generated_images_17_0754a6103de497b367b1.png","media/images/generated_images_17_03bcb0bd6ba2b14afba9.png"]},"_step":17,"_wandb":{"runtime":6155},"_runtime":6154.47154445,"epoch":14,"discriminator_loss":0.12308380007743835,"_timestamp":1.7414662457451072e+09,"generator_loss":-0.11670607328414917}