{"epoch":14,"generator_loss":7.8961501121521,"_timestamp":1.7414736622613332e+09,"_runtime":6312.012719189,"_step":17,"time_per_epoch":420.77578258514404,"generated_images":{"format":"png","count":16,"filenames":["media/images/generated_images_17_6e3cd13cddf565b1a9c9.png","media/images/generated_images_17_3a8cac1043f95fa6331b.png","media/images/generated_images_17_ffdb6f01fbc62072fca9.png","media/images/generated_images_17_fadf3382f06508f4e7ba.png","media/images/generated_images_17_d7a1797d2d2415ae1074.png","media/images/generated_images_17_26579623c2db1a6c6bce.png","media/images/generated_images_17_6287d925995c827fa0e4.png","media/images/generated_images_17_73e080ba92e54b129d9b.png","media/images/generated_images_17_57d4069c3373e66f3846.png","media/images/generated_images_17_b1b58cbc4396001b0710.png","media/images/generated_images_17_0512692a93996fe3d524.png","media/images/generated_images_17_cc42966963e3d6c992a0.png","media/images/generated_images_17_47f48b968cecacebe6c3.png","media/images/generated_images_17_9fcab8b663f69d41304f.png","media/images/generated_images_17_3afb0015eb1a021338d6.png","media/images/generated_images_17_6bacd5c67809aeb1567a.png"],"_type":"images/separated","width":32,"height":32},"discriminator_loss":0.0719916895031929,"_wandb":{"runtime":6312}}