{"generator_loss":0.7730562686920166,"_timestamp":1.7413865576809967e+09,"discriminator_loss":1.3435524702072144,"epoch":14,"generated_images":{"filenames":["media/images/generated_images_17_164d2b2de25c2e9a3e8b.png","media/images/generated_images_17_ed525de10e1e0c34c43e.png","media/images/generated_images_17_f9d03fbcdab024692e21.png","media/images/generated_images_17_5cd77172bfefa88ac4d6.png","media/images/generated_images_17_1dbb0356d61dc09a0a52.png","media/images/generated_images_17_6db4780ee5c0fa4a6925.png","media/images/generated_images_17_ba50bc4244469c4c63cd.png","media/images/generated_images_17_5dacb2f91de42e2c9917.png","media/images/generated_images_17_c654fe907639e8f2f121.png","media/images/generated_images_17_50e9206f7420e3ad4038.png","media/images/generated_images_17_134f2a224f0210381d06.png","media/images/generated_images_17_7e2898ebbefb4e87ec50.png","media/images/generated_images_17_0d59c08a3d2039c22984.png","media/images/generated_images_17_59e07efd9fe0338f2e1c.png","media/images/generated_images_17_021204a05c1287fc9848.png","media/images/generated_images_17_3d52bb4c0bd265728a42.png"],"_type":"images/separated","width":28,"height":28,"format":"png","count":16},"_wandb":{"runtime":5027},"_runtime":5027.003293544,"_step":17,"time_per_epoch":335.74705052375793}